Country,Capital,Area_km2,Latitude,Longitude
South Georgia,King Edward Point,3903.0,-54.5,-37.0
Grenada,St. George's,344.0,12.11666666,-61.66666666
Switzerland,Bern,41284.0,47.0,8.0
Sierra Leone,Freetown,71740.0,8.5,-11.5
Hungary,Budapest,93028.0,47.0,20.0
Taiwan,Taipei,36193.0,23.5,121.0
Wallis and Futuna,Mata-Utu,142.0,-13.3,-176.2
Barbados,Bridgetown,430.0,13.16666666,-59.53333333
Pitcairn Islands,Adamstown,47.0,-25.06666666,-130.1
Ivory Coast,Yamoussoukro,322463.0,8.0,-5.0
Tunisia,Tunis,163610.0,34.0,9.0
Italy,Rome,301336.0,42.83333333,12.83333333
Benin,Porto-Novo,112622.0,9.5,2.25
Indonesia,Jakarta,1904569.0,-5.0,120.0
Cape Verde,Praia,4033.0,16.5388,-23.0418
Saint Kitts and Nevis,Basseterre,261.0,17.33333333,-62.75
Laos,Vientiane,236800.0,18.0,105.0
Caribbean Netherlands,Kralendijk,328.0,12.18,-68.25
Uganda,Kampala,241550.0,1.0,32.0
Andorra,Andorra la Vella,468.0,42.5,1.5
Burundi,Gitega,27834.0,-3.5,30.0
South Africa,Pretoria,1221037.0,-29.0,24.0
France,Paris,551695.0,46.0,2.0
Libya,Tripoli,1759540.0,25.0,17.0
Mexico,Mexico City,1964375.0,23.0,-102.0
Gabon,Libreville,267668.0,-1.0,11.75
Northern Mariana Islands,Saipan,464.0,15.2,145.75
North Macedonia,Skopje,25713.0,41.83333333,22.0
China,Beijing,9706961.0,35.0,105.0
Yemen,Sana'a,527968.0,15.0,48.0
Saint Barthélemy,Gustavia,21.0,18.5,-63.41666666
Guernsey,St. Peter Port,78.0,49.46666666,-2.58333333
Solomon Islands,Honiara,28896.0,-8.0,159.0
Svalbard and Jan Mayen,Longyearbyen,61399.0,78.0,20.0
Faroe Islands,Tórshavn,1393.0,62.0,-7.0
Uzbekistan,Tashkent,447400.0,41.0,64.0
Egypt,Cairo,1002450.0,27.0,30.0
Senegal,Dakar,196722.0,14.0,-14.0
Sri Lanka,Sri Jayawardenepura Kotte,65610.0,7.0,81.0
Palestine,Ramallah,6220.0,31.9,35.2
Bangladesh,Dhaka,147570.0,24.0,90.0
Peru,Lima,1285216.0,-10.0,-76.0
Singapore,Singapore,710.0,1.36666666,103.8
Turkey,Ankara,783562.0,39.0,35.0
Afghanistan,Kabul,652230.0,33.0,65.0
Aruba,Oranjestad,180.0,12.5,-69.96666666
Cook Islands,Avarua,236.0,-21.23333333,-159.76666666
United Kingdom,London,242900.0,54.0,-2.0
Zambia,Lusaka,752612.0,-15.0,30.0
Finland,Helsinki,338424.0,64.0,26.0
Niger,Niamey,1267000.0,16.0,8.0
Christmas Island,Flying Fish Cove,135.0,-10.5,105.66666666
Tokelau,Fakaofo,12.0,-9.0,-172.0
Guinea-Bissau,Bissau,36125.0,12.0,-15.0
Azerbaijan,Baku,86600.0,40.5,47.5
Réunion,Saint-Denis,2511.0,-21.15,55.5
Djibouti,Djibouti,23200.0,11.5,43.0
North Korea,Pyongyang,120538.0,40.0,127.0
Mauritius,Port Louis,2040.0,-20.28333333,57.55
Montserrat,Plymouth,102.0,16.75,-62.2
United States Virgin Islands,Charlotte Amalie,347.0,18.35,-64.933333
Colombia,Bogotá,1141748.0,4.0,-72.0
Greece,Athens,131990.0,39.0,22.0
Croatia,Zagreb,56594.0,45.16666666,15.5
Morocco,Rabat,446550.0,32.0,-5.0
Algeria,Algiers,2381741.0,28.0,3.0
Antarctica,,14000000.0,-90.0,0.0
Netherlands,Amsterdam,41850.0,52.5,5.75
Sudan,Khartoum,1886068.0,15.0,30.0
Fiji,Suva,18272.0,17.7134,178.065
Liechtenstein,Vaduz,160.0,47.26666666,9.53333333
Nepal,Kathmandu,147181.0,28.0,84.0
Puerto Rico,San Juan,8870.0,18.25,-66.5
Georgia,Tbilisi,69700.0,42.0,43.5
Pakistan,Islamabad,881912.0,30.0,70.0
Monaco,Monaco,2.02,43.73333333,7.4
Botswana,Gaborone,582000.0,-22.0,24.0
Lebanon,Beirut,10452.0,33.83333333,35.83333333
Papua New Guinea,Port Moresby,462840.0,-6.0,147.0
Mayotte,Mamoudzou,374.0,-12.83333333,45.16666666
Dominican Republic,Santo Domingo,48671.0,19.0,-70.66666666
Norfolk Island,Kingston,36.0,-29.03333333,167.95
Bouvet Island,,49.0,54.4208,3.3464
Qatar,Doha,11586.0,25.5,51.25
Madagascar,Antananarivo,587041.0,-20.0,47.0
India,New Delhi,3287590.0,20.0,77.0
Syria,Damascus,185180.0,35.0,38.0
Montenegro,Podgorica,13812.0,42.5,19.3
Eswatini,Mbabane,17364.0,-26.5,31.5
Paraguay,Asunción,406752.0,-23.0,-58.0
El Salvador,San Salvador,21041.0,13.83333333,-88.91666666
Ukraine,Kyiv,603500.0,49.0,32.0
Isle of Man,Douglas,572.0,54.25,-4.5
Namibia,Windhoek,825615.0,-22.0,17.0
United Arab Emirates,Abu Dhabi,83600.0,24.0,54.0
Bulgaria,Sofia,110879.0,43.0,25.0
Greenland,Nuuk,2166086.0,72.0,-40.0
Germany,Berlin,357114.0,51.0,9.0
Cambodia,Phnom Penh,181035.0,13.0,105.0
Iraq,Baghdad,438317.0,33.0,44.0
French Southern and Antarctic Lands,Port-aux-Français,7747.0,-49.25,69.167
Sweden,Stockholm,450295.0,62.0,15.0
Cuba,Havana,109884.0,21.5,-80.0
Kyrgyzstan,Bishkek,199951.0,41.0,75.0
Russia,Moscow,17098242.0,60.0,100.0
Malaysia,Kuala Lumpur,330803.0,2.5,112.5
São Tomé and Príncipe,São Tomé,964.0,1.0,7.0
Cyprus,Nicosia,9251.0,35.0,33.0
Canada,Ottawa,9984670.0,60.0,-95.0
Malawi,Lilongwe,118484.0,-13.5,34.0
Saudi Arabia,Riyadh,2149690.0,25.0,45.0
Bosnia and Herzegovina,Sarajevo,51209.0,44.0,18.0
Ethiopia,Addis Ababa,1104300.0,8.0,38.0
Spain,Madrid,505992.0,40.0,-4.0
Slovenia,Ljubljana,20273.0,46.11666666,14.81666666
Oman,Muscat,309500.0,21.0,57.0
Saint Pierre and Miquelon,Saint-Pierre,242.0,46.83333333,-56.33333333
Macau,,30.0,22.16666666,113.55
San Marino,City of San Marino,61.0,43.76666666,12.41666666
Lesotho,Maseru,30355.0,-29.5,28.5
Marshall Islands,Majuro,181.0,9.0,168.0
Sint Maarten,Philipsburg,34.0,18.033333,-63.05
Iceland,Reykjavik,103000.0,65.0,-18.0
Luxembourg,Luxembourg,2586.0,49.75,6.16666666
Argentina,Buenos Aires,2780400.0,-34.0,-64.0
Turks and Caicos Islands,Cockburn Town,948.0,21.75,-71.58333333
Nauru,Yaren,21.0,-0.53333333,166.91666666
Cocos (Keeling) Islands,West Island,14.0,12.1642,96.871
Western Sahara,El Aaiún,266000.0,24.5,-13.0
Dominica,Roseau,751.0,15.41666666,-61.33333333
Costa Rica,San José,51100.0,10.0,-84.0
Australia,Canberra,7692024.0,-27.0,133.0
Thailand,Bangkok,513120.0,15.0,100.0
Haiti,Port-au-Prince,27750.0,19.0,-72.41666666
Tuvalu,Funafuti,26.0,-8.0,178.0
Honduras,Tegucigalpa,112492.0,15.0,-86.5
Equatorial Guinea,Malabo,28051.0,2.0,10.0
Saint Lucia,Castries,616.0,13.88333333,-60.96666666
French Polynesia,Papeetē,4167.0,17.6797,149.4068
Belarus,Minsk,207600.0,53.0,28.0
Latvia,Riga,64559.0,57.0,25.0
Palau,Ngerulmud,459.0,7.5,134.5
Guadeloupe,Basse-Terre,1628.0,16.25,-61.583333
Philippines,Manila,342353.0,13.0,122.0
Gibraltar,Gibraltar,6.0,36.13333333,-5.35
Denmark,Copenhagen,43094.0,56.0,10.0
Cameroon,Yaoundé,475442.0,6.0,12.0
Guinea,Conakry,245857.0,11.0,-10.0
Bahrain,Manama,765.0,26.0,50.55
Suriname,Paramaribo,163820.0,4.0,-56.0
DR Congo,Kinshasa,2344858.0,0.0,25.0
Somalia,Mogadishu,637657.0,10.0,49.0
Czechia,Prague,78865.0,49.75,15.5
New Caledonia,Nouméa,18575.0,-21.5,165.5
Vanuatu,Port Vila,12189.0,-16.0,167.0
"Saint Helena, Ascension and Tristan da Cunha",Jamestown,394.0,-15.95,-5.72
Togo,Lomé,56785.0,8.0,1.16666666
British Virgin Islands,Road Town,151.0,18.431383,-64.62305
Kenya,Nairobi,580367.0,1.0,38.0
Niue,Alofi,260.0,-19.03333333,-169.86666666
Heard Island and McDonald Islands,,412.0,53.0818,73.5042
Rwanda,Kigali,26338.0,-2.0,30.0
Estonia,Tallinn,45227.0,59.0,26.0
Romania,Bucharest,238391.0,46.0,25.0
Trinidad and Tobago,Port of Spain,5130.0,10.6918,-61.2225
Guyana,Georgetown,214969.0,5.0,-59.0
Timor-Leste,Dili,14874.0,-8.83333333,125.91666666
Vietnam,Hanoi,331212.0,16.16666666,107.83333333
Uruguay,Montevideo,181034.0,-33.0,-56.0
Vatican City,Vatican City,0.44,41.9,12.45
Hong Kong,City of Victoria,1104.0,22.267,114.188
Austria,Vienna,83871.0,47.33333333,13.33333333
Antigua and Barbuda,Saint John's,442.0,17.05,-61.8
Turkmenistan,Ashgabat,488100.0,40.0,60.0
Mozambique,Maputo,801590.0,-18.25,35.0
Panama,Panama City,75417.0,9.0,-80.0
Micronesia,Palikir,702.0,6.91666666,158.25
Ireland,Dublin,70273.0,53.0,-8.0
Curaçao,Willemstad,444.0,12.116667,-68.933333
French Guiana,Cayenne,83534.0,4.0,-53.0
Norway,Oslo,323802.0,62.0,10.0
Åland Islands,Mariehamn,1580.0,60.116667,19.9
Central African Republic,Bangui,622984.0,7.0,21.0
Burkina Faso,Ouagadougou,272967.0,13.0,-2.0
Eritrea,Asmara,117600.0,15.0,39.0
Tanzania,Dodoma,945087.0,-6.0,35.0
South Korea,Seoul,100210.0,37.0,127.5
Jordan,Amman,89342.0,31.0,36.0
Mauritania,Nouakchott,1030700.0,20.0,-12.0
Lithuania,Vilnius,65300.0,56.0,24.0
United States Minor Outlying Islands,Washington DC,34.2,19.3,166.633333
Slovakia,Bratislava,49037.0,48.66666666,19.5
Angola,Luanda,1246700.0,-12.5,18.5
Kazakhstan,Nur-Sultan,2724900.0,48.0196,66.9237
Moldova,Chișinău,33846.0,47.0,29.0
Mali,Bamako,1240192.0,17.0,-4.0
Falkland Islands,Stanley,12173.0,-51.75,-59.0
Armenia,Yerevan,29743.0,40.0,45.0
Samoa,Apia,2842.0,-13.58333333,-172.33333333
Jersey,Saint Helier,116.0,49.25,-2.16666666
Japan,Tokyo,377930.0,36.0,138.0
Bolivia,Sucre,1098581.0,-17.0,-65.0
Chile,Santiago,756102.0,-30.0,-71.0
United States,"Washington, D.C.",9372610.0,38.0,-97.0
Saint Vincent and the Grenadines,Kingstown,389.0,13.25,-61.2
Bermuda,Hamilton,54.0,32.33333333,-64.75
Seychelles,Victoria,452.0,-4.58333333,55.66666666
British Indian Ocean Territory,Diego Garcia,60.0,-6.0,71.5
Guatemala,Guatemala City,108889.0,15.5,-90.25
Ecuador,Quito,276841.0,-2.0,-77.5
Martinique,Fort-de-France,1128.0,14.666667,-61.0
Tajikistan,Dushanbe,143100.0,39.0,71.0
Malta,Valletta,316.0,35.9375,14.3754
Gambia,Banjul,10689.0,13.46666666,-16.56666666
Nigeria,Abuja,923768.0,10.0,8.0
Bahamas,Nassau,13943.0,25.0343,-77.3963
Kosovo,Pristina,10908.0,42.666667,21.166667
Kuwait,Kuwait City,17818.0,29.5,45.75
Maldives,Malé,300.0,3.25,73.0
South Sudan,Juba,619745.0,7.0,30.0
Iran,Tehran,1648195.0,32.0,53.0
Albania,Tirana,28748.0,41.0,20.0
Brazil,Brasília,8515767.0,-10.0,-55.0
Serbia,Belgrade,88361.0,44.0,21.0
Belize,Belmopan,22966.0,17.25,-88.75
Myanmar,Naypyidaw,676578.0,22.0,98.0
Bhutan,Thimphu,38394.0,27.5,90.5
Venezuela,Caracas,916445.0,8.0,-66.0
Liberia,Monrovia,111369.0,6.5,-9.5
Jamaica,Kingston,10991.0,18.25,-77.5
Poland,Warsaw,312679.0,52.0,20.0
Cayman Islands,George Town,264.0,19.3133,-81.2546
Brunei,Bandar Seri Begawan,5765.0,4.5,114.66666666
Comoros,Moroni,1862.0,-12.16666666,44.25
Guam,Hagåtña,549.0,13.46666666,144.78333333
Tonga,Nuku'alofa,747.0,-20.0,-175.0
Kiribati,South Tarawa,811.0,1.41666666,173.0
Ghana,Accra,238533.0,8.0,-2.0
Chad,N'Djamena,1284000.0,15.0,19.0
Zimbabwe,Harare,390757.0,-20.0,30.0
Saint Martin,Marigot,53.0,18.0708,63.0501
Mongolia,Ulan Bator,1564110.0,46.0,105.0
Portugal,Lisbon,92090.0,39.5,-8.0
American Samoa,Pago Pago,199.0,-14.33333333,-170.0
Republic of the Congo,Brazzaville,342000.0,-1.0,15.0
Belgium,Brussels,30528.0,50.83333333,4.0
Israel,Jerusalem,20770.0,31.47,35.13
New Zealand,Wellington,270467.0,-41.0,174.0
Nicaragua,Managua,130373.0,13.0,-85.0
Anguilla,The Valley,91.0,18.25,-63.16666666
